# barrier ensemble, harvested by step19e_harvest_barriers.py
# barrier: kcal/mol, from the '<= CI' row of the path summary
# barrier_vac: kcal/mol, in vacuo at the same geometries
# stab_TS: kcal/mol, barrier - barrier_vac. The differential TS
#   stabilisation of Claeyssens et al. Negative = the environment
#   lowers the barrier. This is the column to quote.
# E_int_R, E_int_P: kcal/mol, EMBEDDED QM energy minus gas-phase
#   energy at the same geometry. Interaction plus polarisation,
#   NOT a stabilisation. Never difference against E_ci_Eh or any
#   other QM/MM total.
# energies: Eh.
# group: full_NAC frames are those reported in the write-up
frame	group	neb_converged	ci_image	D01	barrier	barrier_vac	stab_TS	E_ci_Eh	E_qmmm_R	E_qmmm_P	E_qm_R	E_qm_P	E_vac_R	E_vac_TS	E_vac_P	E_int_R	E_int_P
02450	full_NAC	yes	5	0.969300	19.560000	18.249849	1.310151	-1076.496110	-1076.527283	-1076.531863	-836.941227	-836.961184	-836.146953	-836.117870	-836.174385	-498.414077	-493.723580
04085	full_NAC	yes	5	1.884700	23.180000	21.811173	1.368827	-1075.960110	-1075.997046	-1075.997319	-836.901332	-836.916069	-836.146578	-836.111820	-836.168689	-473.615109	-468.988106
09025	full_NAC	yes	5	0.827700	14.220000	16.231996	-2.011996	-1075.653260	-1075.675925	-1075.697986	-836.899414	-836.922532	-836.141452	-836.115584	-836.175368	-475.628437	-468.852224
09900	full_NAC	yes	6	0.759000	9.810000	16.998477	-7.188477	-1076.434200	-1076.449828	-1076.482542	-836.885844	-836.914242	-836.142125	-836.115036	-836.176306	-466.690662	-463.062025
10775	full_NAC	yes	6	0.882200	10.090000	16.670953	-6.580953	-1076.301290	-1076.317366	-1076.348810	-836.963134	-836.990312	-836.141621	-836.115054	-836.173434	-515.507732	-512.598300
11630	full_NAC	yes	4	1.608500	12.930000	16.789321	-3.859321	-1076.037740	-1076.058351	-1076.081158	-836.926122	-836.954176	-836.144677	-836.117921	-836.177099	-490.364217	-487.622814
12485	full_NAC	yes	4	1.880300	13.080000	17.835207	-4.755207	-1076.586310	-1076.607152	-1076.630404	-836.963081	-836.979449	-836.147263	-836.118840	-836.171417	-511.933707	-507.047803
14155	full_NAC	yes	6	0.813900	11.590000	16.401094	-4.811094	-1076.105160	-1076.123628	-1076.149697	-836.924762	-836.947784	-836.141641	-836.115504	-836.173938	-491.415840	-485.595627
17505	full_NAC	yes	5	0.851400	17.520000	19.375018	-1.855018	-1075.983670	-1076.011592	-1076.029437	-836.967747	-836.999112	-836.145617	-836.114741	-836.177028	-515.893918	-515.865272
19185	full_NAC	yes	6	1.062800	4.480000	16.015327	-11.535327	-1075.514810	-1075.521953	-1075.559444	-836.953263	-836.979454	-836.138801	-836.113279	-836.174619	-511.082776	-505.041222
20000	full_NAC	yes	5	0.752600	12.100000	16.422183	-4.322183	-1076.079340	-1076.098627	-1076.125399	-836.957620	-836.981695	-836.143094	-836.116924	-836.177114	-511.122483	-504.882186
21634	full_NAC	yes	6	0.966600	9.220000	18.626508	-9.406508	-1076.341690	-1076.356373	-1076.390687	-836.906032	-836.938192	-836.142785	-836.113102	-836.174225	-478.944512	-479.396305
23268	full_NAC	yes	7	1.353200	3.410000	18.442139	-15.032139	-1076.023900	-1076.029327	-1076.073860	-836.926428	-836.965494	-836.143635	-836.114245	-836.175244	-491.210048	-495.889136
24883	full_NAC	yes	5	0.672600	12.970000	16.972717	-4.002717	-1076.115250	-1076.135917	-1076.159998	-836.918364	-836.951508	-836.142478	-836.115431	-836.175041	-486.875658	-487.240703
26495	full_NAC	yes	6	0.803100	15.970000	17.204116	-1.234116	-1075.772550	-1075.797996	-1075.814651	-836.878470	-836.901739	-836.144282	-836.116865	-836.175298	-460.710176	-455.848704
33320	full_NAC	yes	3	1.843700	15.540000	18.096663	-2.556663	-1075.697980	-1075.722746	-1075.756097	-836.949884	-836.979759	-836.148250	-836.119411	-836.178842	-503.033264	-502.582647
34991	full_NAC	yes	6	0.778800	18.640000	22.015815	-3.375815	-1077.062720	-1077.092431	-1077.106222	-836.945553	-836.972571	-836.146756	-836.111671	-836.171522	-501.253308	-502.665686
36665	full_NAC	yes	6	0.940600	8.740000	17.776317	-9.036317	-1075.841200	-1075.855125	-1075.886761	-836.921245	-836.959636	-836.141358	-836.113030	-836.173104	-489.386501	-493.555804
38344	full_NAC	yes	5	1.373600	14.070000	15.756175	-1.686175	-1076.484030	-1076.506452	-1076.526823	-836.952010	-836.980032	-836.140978	-836.115868	-836.174704	-508.930510	-505.350931
40485	full_NAC	yes	5	1.668800	19.290000	18.181225	1.108775	-1075.812550	-1075.843298	-1075.850092	-836.844536	-836.848731	-836.149041	-836.120067	-836.175884	-436.429516	-422.217977
41786	full_NAC	yes	4	1.850800	15.860000	16.666655	-0.806655	-1075.655220	-1075.680501	-1075.701067	-836.914536	-836.943719	-836.142635	-836.116075	-836.175193	-484.375374	-482.257356
42436	full_NAC	yes	7	1.224800	6.380000	17.889034	-11.509034	-1075.960130	-1075.970302	-1075.998731	-836.950829	-836.977278	-836.142231	-836.113723	-836.169413	-507.403081	-506.942590
43087	full_NAC	yes	5	1.315000	12.050000	17.599995	-5.549995	-1076.651500	-1076.670700	-1076.693160	-836.948118	-836.973180	-836.140938	-836.112890	-836.173058	-506.513321	-502.084090
43738	full_NAC	yes	6	0.919100	14.780000	19.349872	-4.569872	-1076.170190	-1076.193742	-1076.209088	-836.936115	-836.958467	-836.147572	-836.116736	-836.176505	-494.817879	-490.688397
44388	full_NAC	no							-1077.142343	-1077.157804	-836.922377	-836.945670					
45688	full_NAC	yes	6	0.955800	8.300000	18.308879	-10.008879	-1076.549340	-1076.562567	-1076.590773	-836.870688	-836.891085	-836.144020	-836.114843	-836.176600	-455.991130	-448.346449
46990	full_NAC	yes	5	1.308300	15.080000	17.834506	-2.754506	-1076.012230	-1076.036256	-1076.052353	-836.901984	-836.927922	-836.146701	-836.118280	-836.176167	-473.946880	-471.733523
47641	full_NAC	yes	6	0.666200	9.910000	16.156679	-6.246679	-1075.161060	-1075.176847	-1075.208771	-836.875495	-836.906016	-836.141034	-836.115287	-836.175630	-460.881278	-458.324120
48292	full_NAC	yes	6	0.869800	18.110000	21.770993	-3.660993	-1074.523340	-1074.552193	-1074.565584	-836.901725	-836.923668	-836.145295	-836.110601	-836.169252	-474.667301	-473.403481
49592	full_NAC	yes	6	1.022800	5.690000	18.125361	-12.435361	-1075.309000	-1075.318065	-1075.356424	-836.865440	-836.903091	-836.143301	-836.114416	-836.177116	-453.148909	-455.555756
50892	full_NAC	yes	5	1.707700	17.950000	19.079884	-1.129884	-1075.552920	-1075.581519	-1075.591432	-836.914358	-836.940141	-836.147534	-836.117128	-836.175843	-481.189154	-479.604401
52192	full_NAC	yes	6	0.913700	18.060000	21.046368	-2.986368	-1074.618830	-1074.647612	-1074.662800	-836.882428	-836.894872	-836.144807	-836.111268	-836.172292	-462.863958	-453.425388
53493	full_NAC	yes	5	1.624700	15.360000	17.551388	-2.191388	-1075.597110	-1075.621578	-1075.639518	-836.921794	-836.953366	-836.146222	-836.118252	-836.178131	-486.679109	-486.467820
54144	full_NAC	yes	5	2.140800	18.960000			-1076.095130	-1076.125350	-1076.133328	-836.938393	-836.961715					
54795	full_NAC	yes	6	1.139900	10.660000			-1075.568260	-1075.585252	-1075.612820	-836.931259	-836.963309					
55446	full_NAC	yes	5	1.656600	19.050000			-1074.686640	-1074.716995	-1074.731537	-836.915762	-836.945364					
56098	full_NAC	yes	6	1.082700	12.460000			-1075.641120	-1075.660972	-1075.687910	-836.945431	-836.971800					
57397	full_NAC	yes	6	1.052400	11.170000			-1075.781090	-1075.798896	-1075.826918	-836.980924	-837.010617					
58698	full_NAC	yes	6	1.187800	16.470000			-1075.358840	-1075.385081	-1075.405001	-836.886579	-836.910751					
59999	full_NAC	no							-1076.277618	-1076.305984	-836.962196	-836.982149					
05680	near_NAC	yes	7	0.799000	15.120000	26.155837	-11.035837	-1076.269090	-1076.293185	-1076.309958	-836.929151	-836.943540	-836.147731	-836.106049	-836.166118	-490.348592	-487.839890
07310	near_NAC	yes	6	0.787000	11.630000	19.453877	-7.823877	-1075.147800	-1075.166332	-1075.197480	-836.915649	-836.935233	-836.146503	-836.115502	-836.178490	-482.646008	-474.863151
15825	near_NAC	yes	5	1.598800	25.260000	22.645428	2.614572	-1076.153800	-1076.194049	-1076.187371	-836.887872	-836.896002	-836.152134	-836.116047	-836.173480	-461.682262	-453.389215
08170	other	yes	0	1.229200	0.000000			-1075.549740	-1075.549743	-1075.581607	-836.958473	-836.984093	-836.143615		-836.175361	-511.331321	-507.487178
