# idx	frame	prod_ps	site	CHA_resid	form_C6_C1	r	Arg90_O13
16	20000	20000.0	CHA#2	383	3.393	-1.945	2.975
17	21634	21634.0	CHA#2	383	3.314	-1.819	2.936
18	23268	23268.0	CHA#2	383	3.470	-2.016	3.172
19	24883	24883.0	CHA#2	383	3.054	-1.606	2.755
20	26495	26495.0	CHA#2	383	3.357	-1.901	2.995
21	33320	33320.0	CHA#2	383	3.542	-2.083	3.158
22	34991	34991.0	CHA#2	383	3.389	-1.921	3.036
23	36665	36665.0	CHA#2	383	3.095	-1.650	2.832
24	38344	38344.0	CHA#2	383	3.409	-2.025	3.174
25	40485	40485.0	CHA#2	383	3.242	-1.836	2.825
26	41786	41786.0	CHA#2	383	3.310	-1.856	2.676
27	42436	42436.0	CHA#2	383	3.455	-1.960	2.892
28	43087	43087.0	CHA#2	383	3.026	-1.591	3.044
29	43738	43738.0	CHA#2	383	3.400	-1.882	2.789
30	44388	44388.0	CHA#2	383	3.135	-1.712	3.083
31	45688	45688.0	CHA#2	383	3.120	-1.704	2.946
32	46990	46990.0	CHA#2	383	3.096	-1.629	2.928
33	47641	47641.0	CHA#2	383	3.020	-1.581	2.742
34	48292	48292.0	CHA#2	383	3.463	-1.990	2.909
35	49592	49592.0	CHA#2	383	3.159	-1.705	2.672
36	50892	50892.0	CHA#2	383	3.193	-1.710	2.843
37	52192	52192.0	CHA#2	383	3.200	-1.698	2.756
38	53493	53493.0	CHA#2	383	3.021	-1.591	3.015
39	54144	54144.0	CHA#2	383	3.230	-1.758	2.680
40	54795	54795.0	CHA#2	383	3.487	-1.967	2.701
41	55446	55446.0	CHA#2	383	3.348	-1.860	2.878
42	56098	56098.0	CHA#2	383	3.151	-1.728	2.751
43	57397	57397.0	CHA#2	383	3.098	-1.600	2.992
44	58698	58698.0	CHA#2	383	3.134	-1.677	3.165
45	59999	59999.0	CHA#2	383	3.178	-1.676	2.830
