frame	d_form	d_break	theta1	dev1	theta2	dev2	Arg90_O13	NAC
0	3.393	1.448	23.3	15.1	34.4	15.8	2.975	yes
1634	3.314	1.495	23.3	15.1	26.3	7.7	2.936	yes
3268	3.470	1.453	24.4	16.2	22.7	4.1	3.172	yes
4883	3.054	1.448	16.3	8.1	20.2	1.6	2.755	yes
6495	3.357	1.456	23.7	15.5	33.7	15.1	2.995	yes
13320	3.542	1.459	23.3	15.1	29.0	10.4	3.158	yes
14991	3.389	1.468	25.4	17.2	36.7	18.1	3.036	yes
16665	3.095	1.444	16.7	8.5	18.4	0.2	2.832	yes
18344	3.409	1.384	25.3	17.1	27.0	8.4	3.174	yes
20485	3.242	1.407	21.2	13.0	24.1	5.5	2.825	yes
21786	3.310	1.455	21.4	13.2	23.5	4.9	2.676	yes
22436	3.455	1.495	26.5	18.3	23.4	4.8	2.892	yes
23087	3.026	1.435	18.9	10.7	32.6	14.0	3.044	yes
23738	3.400	1.518	25.8	17.6	35.3	16.7	2.789	yes
24388	3.135	1.423	15.3	7.1	24.0	5.4	3.083	yes
25688	3.120	1.415	16.6	8.4	34.3	15.7	2.946	yes
26990	3.096	1.468	21.0	12.8	36.7	18.1	2.928	yes
27641	3.020	1.439	18.6	10.4	35.0	16.4	2.742	yes
28292	3.463	1.473	25.4	17.2	32.5	13.9	2.909	yes
29592	3.159	1.454	18.1	9.9	18.4	0.2	2.672	yes
30892	3.193	1.483	19.6	11.4	27.9	9.3	2.843	yes
32192	3.200	1.501	25.3	17.1	36.0	17.4	2.756	yes
33493	3.021	1.430	21.2	13.0	38.5	19.9	3.015	yes
34144	3.230	1.472	25.0	16.8	37.2	18.6	2.680	yes
34795	3.487	1.520	24.4	16.2	30.1	11.5	2.701	yes
35446	3.348	1.488	23.4	15.2	37.9	19.3	2.878	yes
36098	3.151	1.423	21.4	13.2	32.0	13.4	2.751	yes
37397	3.098	1.498	16.2	8.0	32.9	14.3	2.992	yes
38698	3.134	1.457	25.8	17.6	37.3	18.7	3.165	yes
39999	3.178	1.502	16.5	8.3	30.9	12.3	2.830	yes
